"Pk","ID.number","siteID","replicate","landuse","area","sitepos","dates","time","run.number","NO3","NO2","NH4","PO4","SiO2"
11,1,"U1S",1,"U","U1","S",2020-09-17,1,1,1.13532744992734,0.0890059884144287,0.814933259423503,0.0985247664033593,20.0524301930759
12,2,"U1S",2,"U","U1","S",2020-09-17,1,1,0.925302129347842,0.0318209561900208,0.727000720620843,0.104680598580204,20.5573016311585
13,3,"U1C",1,"U","U1","C",2020-09-17,1,1,4.09789827900698,0.0729600591233657,2.27654550997783,0.429902886553215,82.316538798269
14,4,"U1C",2,"U","U1","C",2020-09-17,1,1,3.90296458828254,0.0654173305365663,2.24723276053215,0.384306780778213,82.2000311917444
15,5,"U1N",1,"U","U1","N",2020-09-17,1,1,6.38193547606721,0.155789025225245,2.70023863636364,0.407991984955471,125.478111051931
16,6,"U1N",2,"U","U1","N",2020-09-17,1,1,12.8118419028174,0.132339176837552,3.39040144124169,0.55886518467665,154.37222548269
17,7,"R1S",1,"R","R1","S",2020-09-17,1,1,0.83632546782593,0.0648688091641217,0.25267544345898,0,57.3448745505992
18,8,"R1S",2,"R","R1","S",2020-09-17,1,1,0.931408549969438,0.0115256654095706,0.810274279379157,0.0263227982318888,47.2863056591212
19,9,"R1C",1,"R","R1","C",2020-09-17,1,1,0.242668756824057,0.0602074969297149,0.620409423503326,0.0109852755671707,23.3389428095872
20,10,"R1C",2,"R","R1","C",2020-09-17,1,1,0.0702005809218304,0.0115256654095706,0.87422677383592,0.0122368312986857,11.1637993508655
21,11,"R1N",1,"R","R1","N",2020-09-17,1,1,0,0.010977144037126,0.385913137472284,0.019019525878317,10.7463099034621
22,12,"R1N",2,"R","R1","N",2020-09-17,1,1,0.00159471267593368,0.00987786242949213,0.501165798226164,0.0262186826771007,13.2949341544607
23,13,"U2S",1,"U","U2","S",2020-09-17,1,1,0.571556651167892,0.0995644651183011,0.683699611973392,0.0448954948542403,13.3726076065246
24,14,"U2S",2,"U","U2","S",2020-09-17,1,1,0.297749468187192,0.0257872210931302,0.521149168514412,0.0364436977869127,10.440474650466
25,15,"U2C",1,"U","U2","C",2020-09-17,1,1,2.96042959508039,0.0809147384551847,3.04598519955654,0.287481483899363,2.94530625832224
26,16,"U2C",2,"U","U2","C",2020-09-17,1,1,2.32376381544039,0.0666531827716251,2.35915105321508,0.300106579454446,2.86113015978695
27,17,"U2N",1,"U","U2","N",2020-09-17,1,1,1.91058705037828,4.21303818021758,153.096636419069,0.651830614269138,1.39156291611185
28,18,"U2N",2,"U","U2","N",2020-09-17,1,1,1.1688363500304,2.81289819695471,116.140738858093,0.557090882097137,165.32889334221
29,19,"R2S",1,"R","R2","S",2020-09-17,1,1,0.271456642942735,0.0757026659855887,0.459195011086474,0,9.08120895472703
30,20,"R2S",2,"R","R2","S",2020-09-17,1,1,0.159497846137967,0.0311336253274065,1.04809922394679,0.0340436173416418,8.39672012316911
31,21,"R2C",1,"R","R2","C",2020-09-17,1,1,1.71676633620891,0.0148167936442382,0.432548614190687,0.0437469701404844,170.100882656458
32,22,"R2C",2,"R","R2","C",2020-09-17,1,1,2.21955598670428,0.0224960928584626,0.42454955654102,0.0482336998296329,156.527641061917
33,23,"R2N",1,"R","R2","N",2020-09-17,1,1,0.140514120658206,0.0362091271695775,0.449865631929047,0.020271081609832,27.1545973535286
34,24,"R2N",2,"R","R2","N",2020-09-17,1,1,0.0777488875879165,0.0182444925063308,1.07941031042129,0.0208968594755895,31.3731776797603
35,25,"U1S",1,"U","U1","S",2020-10-01,2,1,1.48581705639393,0.1752626533784,1.32523431263858,0.257432216435685,11.5084704727031
36,26,"U1S",2,"U","U1","S",2020-10-01,2,1,1.39689189080218,0.115335014291769,1.23196906873614,0.293845547185784,11.8531398801598
37,27,"U1C",1,"U","U1","C",2020-10-01,2,1,5.13452630356633,0.0935307300214105,2.00940210643016,0.839952238252779,1.32470206391478
38,28,"U1C",2,"U","U1","C",2020-10-01,2,1,5.73017308309505,0.134121311582311,4.664147172949,0.8025986138985,168.668805492676
39,29,"U1N",1,"U","U1","N",2020-10-01,2,1,5.41784196087728,0.265497777439654,5.15578946784922,0.441797004150723,75.0153371671105
40,30,"U1N",2,"U","U1","N",2020-10-01,2,1,6.41318353872033,0.334474899740248,5.88326407982262,0.415922119711829,79.0348813082557
41,31,"R1S",1,"R","R1","S",2020-10-01,2,1,0.413331252852597,0.0497855908532675,0.517820509977827,0.00545522125608341,62.9712666944075
42,32,"R1S",2,"R","R1","S",2020-10-01,2,1,0.140213450872431,0.000416428470508961,0.677704600886918,0.0362354666773365,55.359374683755
43,33,"R1C",1,"R","R1","C",2020-10-01,2,1,0,0,0.388579490022173,0.0200628505002559,23.6933224700399
44,34,"R1C",2,"R","R1","C",2020-10-01,2,1,0,0.00096494984295356,0.315965631929047,0.0252794736099499,22.9699994840213
45,35,"R1N",1,"R","R1","N",2020-10-01,2,1,0,0,0,0.0226711620551029,16.727081707723
46,36,"R1N",2,"R","R1","N",2020-10-01,2,1,0,0,0.398571175166297,0.0254877047195261,9.07149870173103
47,37,"U2S",1,"U","U2","S",2020-10-01,2,1,0.28889216819961,0.0799542663377205,0.305973946784922,0.0403046496103037,6.653947436751
48,38,"U2S",2,"U","U2","S",2020-10-01,2,1,0.175672551685431,0.027432785210464,0.224030709534368,0.0502162335187225,10.0229852030626
49,39,"U2C",1,"U","U2","C",2020-10-01,2,1,1.12904162412971,0.0781721315929617,1.22997073170732,0.229052051459703,133.371562683089
50,40,"U2C",2,"U","U2","C",2020-10-01,2,1,1.35116682713786,0.0237297062307768,1.37253209534368,0.259205434478169,141.012576880826
51,41,"U2N",1,"U","U2","N",2020-10-01,2,1,0.0416751579310667,0.0222207127408679,0.53847189578714,0.0759880869398577,9.57637013981358
52,42,"U2N",2,"U","U2","N",2020-10-01,2,1,0,0.0148167936442382,0.54912588691796,0.072544681872648,4.77524663781625
53,43,"R2S",1,"R","R2","S",2020-10-01,2,1,0.431276753933963,0.0654173305365663,0.485173392461197,0.0259052514757074,47.5484482023968
54,44,"R2S",2,"R","R2","S",2020-10-01,2,1,0.216083567589013,0.00192542196041778,0.220034035476718,0.0204803972564372,51.5485769806924
55,45,"R2C",1,"R","R2","C",2020-10-01,2,1,0,0,0.736992405764967,0.0121327157438976,7.95495847203728
56,46,"R2C",2,"R","R2","C",2020-10-01,2,1,0,0.00507997956766039,0.125432760532151,0.0199587349454678,11.3919611517976
57,47,"R2N",1,"R","R2","N",2020-10-01,2,1,0.000558149436576787,0.000416428470508961,0,0.0191236414331051,9.84822293608522
58,48,"R2N",2,"R","R2","N",2020-10-01,2,1,0,0.00192542196041778,0,0.0141152494329872,5.86265953728362
59,49,"U1S",1,"U","U1","S",2020-10-15,3,1,2.28565184364462,0.247121192031388,2.274547172949,0.302714891009293,19.6446509986684
60,50,"U1S",2,"U","U1","S",2020-10-15,3,1,1.78645361898818,0.14893362750106,2.16063054323725,0.288211377319909,16.6299911784288
61,51,"U1C",1,"U","U1","C",2020-10-15,3,1,6.85588076103663,0.121505320016085,2.49039041019956,0.631692930713878,138.818337433422
62,52,"U1C",2,"U","U1","C",2020-10-15,3,1,3.5496543337704,0.0589738835574008,1.56639362527716,0.552813468054593,118.293415312916
63,53,"U1N",1,"U","U1","N",2020-10-15,3,1,4.29836529048511,0.244378585169165,4.03260415742794,0.356865824869382,44.7425348202397
64,54,"U1N",2,"U","U1","N",2020-10-15,3,1,1.97970621676674,0.0960001956287835,3.00401441241685,0.257953878746654,24.7904456225033
65,55,"R1S",1,"R","R1","S",2020-10-15,3,1,0.410869415159125,0.0543103324602493,0.121436086474501,0.0254877047195261,37.2568606691079
66,56,"R1S",2,"R","R1","S",2020-10-15,3,1,0.0438545985881761,0,0.242015742793792,0.0274702384086156,11.0909810252996
67,57,"R1C",1,"R","R1","C",2020-10-15,3,1,0,0,0.66837522172949,0.0274702384086156,8.43070257989348
68,58,"R1C",2,"R","R1","C",2020-10-15,3,1,0,0,0,0.0231928243660723,9.17829776964048
69,59,"R1N",1,"R","R1","N",2020-10-15,3,1,0,0,0,0.0144286806343805,6.93550877163782
70,60,"R1N",2,"R","R1","N",2020-10-15,3,1,0,0.0108383345469563,0.287320898004435,0.0191236414331051,10.2657123834887
71,61,"U2S",1,"U","U2","S",2020-10-15,3,1,0.391352457628349,0.0975069502559477,0.42454955654102,0.0421819832075762,8.97440817243675
72,62,"U2S",2,"U","U2","S",2020-10-15,3,1,0.914212231613953,0.0467676038734499,0.929517904656319,0.0588762616956263,10.4744571071904
73,63,"U2C",1,"U","U2","C",2020-10-15,3,1,0.803979379049075,0.0300365825825173,1.41716923503326,0.232390256435095,1.40030625832224
74,64,"U2C",2,"U","U2","C",2020-10-15,3,1,0.941965215652311,0.0347001336796687,1.16934689578714,0.222582788081465,1.49322569906791
75,65,"U2N",1,"U","U2","N",2020-10-15,3,1,0.110016901890012,0.0278424970927389,0.413227549889135,0.0421819832075762,12.5570457889481
76,66,"U2N",2,"U","U2","N",2020-10-15,3,1,0,0.0222207127408679,0.471853048780488,0.0459388194761792,7.97437726364847
77,67,"R2S",1,"R","R2","S",2020-10-15,3,1,0.466549804934771,0.109574420449729,0.355270066518847,0.020271081609832,61.9906545772304
78,68,"R2S",2,"R","R2","S",2020-10-15,3,1,0.667481940943377,0.00768377693971373,0.548463580931264,0.0217319529879522,40.5530801098535
79,69,"R2C",1,"R","R2","C",2020-10-15,3,1,0,0.00466802882264077,0,0.0245495801894044,12.0084850699068
80,70,"R2C",2,"R","R2","C",2020-10-15,3,1,0.226298034510176,0.00384412733260154,0.407232538802661,0.0254877047195261,4.98399136151798
81,71,"R2N",1,"R","R2","N",2020-10-15,3,1,0.707399592612842,0.00576507156752997,0.00352278270509978,0.0149503429453499,34.2713281790945
82,72,"R2N",2,"R","R2","N",2020-10-15,3,1,0.00536056021378955,0,0,0.0196453037440745,14.8338189580559
83,73,"U1S",1,"U","U1","S",2020-10-29,4,1,1.26356560529894,0.117665670408973,0.633067461197339,0.168431854221376,8.68313829893475
84,74,"U1S",2,"U","U1","S",2020-10-29,4,1,0.731993052162006,0.0462190825010053,0.627072450110865,0.171770059196769,9.8579314747004
85,75,"U1C",1,"U","U1","C",2020-10-29,4,1,8.78574556204429,0.124247926878308,1.91014185144124,0.918831700912064,2.46510818908123
86,76,"U1C",2,"U","U1","C",2020-10-29,4,1,7.03647864926804,0.0699443110062927,0,0.864888998161552,2.36618841544607
87,77,"U1N",1,"U","U1","N",2020-10-29,4,1,6.98663225003185,0.818832704785298,12.0034966740577,1.19678878062238,145.648655226365
88,78,"U1N",2,"U","U1","N",2020-10-29,4,1,11.028574386863,1.315943072024,15.2524786585366,1.45387719881986,1.17726531291611
89,79,"R1S",1,"R","R1","S",2020-10-29,4,1,0.303824326787076,0.0912000739042071,0.0235118625277162,0.0186019791221357,43.2716132157124
90,80,"R1S",2,"R","R1","S",2020-10-29,4,1,0.118666556997915,0.0101532425470868,0,0.0238186022318298,70.6608338715047
91,81,"R1C",1,"R","R1","C",2020-10-29,4,1,0,0.00110152047037854,0,0.0214185217865589,7.97923239014647
92,82,"R1C",2,"R","R1","C",2020-10-29,4,1,0.0649945084985219,0.00165004184282314,0,0.0273661228538276,12.7075375665779
93,83,"R1N",1,"R","R1","N",2020-10-29,4,1,0.113965476921985,0.0116622360369956,0.317963968957871,0.0102542976095962,7.46465241344874
94,84,"R1N",2,"R","R1","N",2020-10-29,4,1,0.133866162190408,0,0,0.00858519512189986,1.94991446404794
95,85,"U2S",1,"U","U2","S",2020-10-29,4,1,0.276847104019198,0.0805027877101651,0.127431097560976,0.0242361489880111,5.70246093541944
96,86,"U2S",2,"U","U2","S",2020-10-29,4,1,0.0383810795598412,0.00494117007749074,0.0981240576496674,0.0250712425003738,3.69268715046605
97,87,"U2C",1,"U","U2","C",2020-10-29,4,1,1.45501252320381,0.0297634413276673,0.811604600886918,0.198585237239843,1.42207889480692
98,88,"U2C",2,"U","U2","C",2020-10-29,4,1,1.77554312643033,0.0333299496799296,0.88222012195122,0.264109710923499,1.85033122503329
99,89,"U2N",1,"U","U2","N",2020-10-29,4,1,0.199943746381334,0.0333299496799296,0.586431984478936,0.0453119570733926,18.2853853029294
100,90,"U2N",2,"U","U2","N",2020-10-29,4,1,0.0906261924460809,0.0334665203073546,0.4925044345898,0.0386344625855784,9.63462308588549
101,91,"R2S",1,"R","R2","S",2020-10-29,4,1,0.602017324437262,0.0741959113584245,0.566448614190687,0.0214185217865589,33.9509309753662
102,92,"R2S",2,"R","R2","S",2020-10-29,4,1,0.788497376820219,0.0159138363891274,0,0.0188102102317119,28.1983209720373
103,93,"R2C",1,"R","R2","C",2020-10-29,4,1,0.0143125462665047,0,0.049490243902439,0.00754187049996104,18.3970377829561
104,94,"R2C",2,"R","R2","C",2020-10-29,4,1,0,4.47772548934367e-06,0.263335144124169,0.0167235609878342,14.0328208055925
105,95,"R2N",1,"R","R2","N",2020-10-29,4,1,0,0,0,0.00942028863426253,5.7170228861518
106,96,"R2N",2,"R","R2","N",2020-10-29,4,1,0,0.00974129180206714,0,0.115114929336621,14.765855758988
107,97,"U1S",1,"U","U1","S",2020-11-12,5,1,2.71259463364992,0.227922943995827,0.263335144124169,0.401836152778626,15.0377068408788
108,98,"U1S",2,"U","U1","S",2020-11-12,5,1,2.34965297903875,0.154828553107781,3.96065831485588,0.397662854290871,14.3386560585885
109,99,"U1C",1,"U","U1","C",2020-11-12,5,1,7.17593627277844,0.189660779689385,3.96732134146341,0.744900159416414,113.225294141145
110,100,"U1C",2,"U","U1","C",2020-11-12,5,1,5.08023962622309,0.12808757648542,3.26049811529933,0.657986446445983,86.0788023801598
111,101,"U1N",1,"U","U1","N",2020-11-12,5,1,3.68870165099855,0.0537618110878047,0,0.204219407105718,44.3347539114514
112,102,"U1N",2,"U","U1","N",2020-11-12,5,1,6.95690082557991,0.106010150960211,0,0.29947971705166,86.6564852862849
113,103,"R1S",1,"R","R1","S",2020-11-12,5,1,0.144967688037558,0.0615776809294541,0,0.0162018986768648,4.14901246671105
114,104,"R1S",2,"R","R1","S",2020-11-12,5,1,0.450936571141958,0.0135809414091793,0,0.0284094474757664,10.0812398635153
115,105,"R1C",1,"R","R1","C",2020-11-12,5,1,0,0.000552999097933943,0,0.00535110570129534,4.30435765645806
116,106,"R1C",2,"R","R1","C",2020-11-12,5,1,0.251059271122121,0.00425607807762115,0,0.0138018182315939,6.55200178095872
117,107,"R1N",1,"R","R1","N",2020-11-12,5,1,0,0,0,0.00545522125608341,20.2029219707057
118,108,"R1N",2,"R","R1","N",2020-11-12,5,1,0,0,0,0.00858519512189986,34.4315267809587
119,109,"U2S",1,"U","U2","S",2020-11-12,5,1,0.464699273767073,0.107243764332525,0.0481599223946785,0.0336260705854605,10.4113473202397
120,110,"U2S",2,"U","U2","S",2020-11-12,5,1,0.0797223445243844,0.0131712295269044,0.90820421286031,0.0203751971646201,4.24610299600533
121,111,"U2C",1,"U","U2","C",2020-11-12,5,1,0.905849957019526,0.0471795546184695,0,0.162066706397926,1.84124500665779
122,112,"U2C",2,"U","U2","C",2020-11-12,5,1,0.72379190999421,0.0608925889295845,0,0.133999972623337,1.44710885486019
123,113,"U2N",1,"U","U2","N",2020-11-12,5,1,0.357129259139197,0.0977823303735423,4.0412655210643,0.0952906769827548,30.4022741011984
124,114,"U2N",2,"U","U2","N",2020-11-12,5,1,0.111276060440385,0.0357971764245579,0.0121841463414634,0.0858996708482764,9.45015228029294
125,115,"R2S",1,"R","R2","S",2020-11-12,5,1,0.373514931884416,0.0576014606949169,0,0.0292445409881291,51.2087609853529
126,116,"R2S",2,"R","R2","S",2020-11-12,5,1,0.182634469211304,0.00960472117464216,0,0.0273661228538276,52.0680103695073
127,117,"R2C",1,"R","R2","C",2020-11-12,5,1,0,0,0,0.00253347849984311,2.57129350865513
128,118,"R2C",2,"R","R2","C",2020-11-12,5,1,0,0,0,0.00597688356705282,7.07629029627164
129,119,"R2N",1,"R","R2","N",2020-11-12,5,1,0,0.000143287215658997,0,0.0121327157438976,12.2657759154461
130,120,"R2N",2,"R","R2","N",2020-11-12,5,1,0,0.00192542196041778,0,0.00900274187808119,11.6783776131824
11,121,"U1S",1,"U","U1","S",2020-11-26,6,2,3.92750655190154,0.28913121257241,3.7142405210643,0.528900511101237,4.29814645472703
12,122,"U1S",2,"U","U1","S",2020-11-26,6,2,2.28485116498857,0.140430426796796,4.09231446784922,0.467175170630316,15.5091204227696
13,123,"U1C",1,"U","U1","C",2020-11-26,6,2,0,0.220767538663855,2.45028093126386,0.881074628782981,15.8941943575233
14,124,"U1C",2,"U","U1","C",2020-11-26,6,2,5.36056187494859,0.150456054167437,2.65712594235033,0.763742905758997,7.2419526298269
15,125,"U1N",1,"U","U1","N",2020-11-26,6,2,10.504279371469,0.692207105672148,9.49646297117517,0.466110155267796,1.23710749001332
16,126,"U1N",2,"U","U1","N",2020-11-26,6,2,7.79824963833503,0.536127028290096,7.4726328713969,0.732436659878658,4.11441283288948
17,127,"R1S",1,"R","R1","S",2020-11-26,6,2,0.251084188507682,0.0394868222277771,0.704019844789357,0.138325106295158,3.55572869507324
18,128,"R1S",2,"R","R1","S",2020-11-26,6,2,0.0720079219545552,0,0.236614523281596,0.123603600662936,7.7525741011984
19,129,"R1C",1,"R","R1","C",2020-11-26,6,2,1.51121617807625,0.0543864537935681,0.0584770509977827,0.143557997460288,4.83925133155792
20,130,"R1C",2,"R","R1","C",2020-11-26,6,2,0.00043688482684433,0.00676808207714295,0.350936529933481,0.119789283931794,5.43022754660453
21,131,"R1N",1,"R","R1","N",2020-11-26,6,2,0.0130218256944209,0.0020351262349067,0.45835,0.113581393977555,2.3691611517976
22,132,"R1N",2,"R","R1","N",2020-11-26,6,2,0,0.00105898207822978,0.511528603104213,0.110743160572551,2.28143971371505
23,133,"U2S",1,"U","U2","S",2020-11-26,6,2,0.443109189757584,0.0692838464966145,1.07784018847007,0.143823709032403,1.72278300599201
24,134,"U2S",2,"U","U2","S",2020-11-26,6,2,0.308409125730386,0.0417144906587256,0.607774223946785,0.19180362719724,7.26317323568575
25,135,"U2C",1,"U","U2","C",2020-11-26,6,2,0.568488490425757,0.0543864537935681,1.32881990022173,0.200228310838842,13.057530126498
26,136,"U2C",2,"U","U2","C",2020-11-26,6,2,0.253670613128962,0.0188803295258176,1.09910820399113,0.187191091212723,10.1118827063915
27,137,"U2N",1,"U","U2","N",2020-11-26,6,2,0.188323938914505,0.0311336253274065,2.78527644124168,0.0991255999174488,14.7842527796272
28,138,"U2N",2,"U","U2","N",2020-11-26,6,2,0.311724799169098,0.0592582191259741,2.24289922394679,0.185152161598123,13.4914947736352
29,139,"R2S",1,"R","R2","S",2020-11-26,6,2,0.229228319052204,0.0664987012422428,0.4445272172949,0.0961105869767109,12.5680966877497
30,140,"R2S",2,"R","R2","S",2020-11-26,6,2,0.0128590321087527,0,0.340305376940133,0.11748355820805,10.2780696404794
31,141,"R2C",1,"R","R2","C",2020-11-26,6,2,0.244969462090899,0.00370531784243188,0.424321175166297,0.0981506011283397,10.4581310585885
32,142,"R2C",2,"R","R2","C",2020-11-26,6,2,0.0328793208278701,0.00217393572507635,0.45835,0.0982384486276921,9.81175291278296
33,143,"R2N",1,"R","R2","N",2020-11-26,6,2,0,0.00760317788090555,0.315309035476718,0.102496341003713,8.05729500665779
34,144,"R2N",2,"R","R2","N",2020-11-26,6,2,0,0,0.492915521064302,0.0902573406309689,3.30179460719041
35,145,"U1S",1,"U","U1","S",2020-12-10,7,2,1.3028221156715,0.094345676060471,0.534389578713969,0.163423462221258,4.50591055259654
36,146,"U1S",2,"U","U1","S",2020-12-10,7,2,1.15768166709405,0.0417144906587256,0.0839986696230599,0.172026009935623,4.8244836551265
37,147,"U1C",1,"U","U1","C",2020-12-10,7,2,11.6555290307701,0.0418555390116399,1.12888342572062,0.777666192137844,8.25959880159787
38,148,"U1C",2,"U","U1","C",2020-12-10,7,2,12.7799426658216,0.0635747464977014,0.33605177383592,0.954507546482415,6.92442358521971
39,149,"U1N",1,"U","U1","N",2020-12-10,7,2,8.26158011705527,0.356796361304627,2.15728475609756,0.315432172211845,3.10698951398136
40,150,"U1N",2,"U","U1","N",2020-12-10,7,2,9.65716135337691,0.425160035213181,1.66275914634146,0.349310939925072,11.616109587217
41,151,"R1S",1,"R","R1","S",2020-12-10,7,2,0.330068978419447,0.0651061286150569,0.329137527716186,0.0424552865388949,0.870504294274301
42,152,"R1S",2,"R","R1","S",2020-12-10,7,2,0.0511985826926582,0,0.417937915742794,0.0533635599770036,7.01201815912117
43,153,"R1C",1,"R","R1","C",2020-12-10,7,2,0.18695016039055,0.0121973242329721,0.591290798226164,0.0519449855430161,4.25197646471372
44,154,"R1C",2,"R","R1","C",2020-12-10,7,2,0.194563252259096,0.00927336948843073,0.380186474501109,0.0585964511421333,2.61294439081225
45,155,"R1N",1,"R","R1","N",2020-12-10,7,2,0,0.00941441784134506,0.739116352549889,0.0917648471013379,9.27156522969374
46,156,"R1N",2,"R","R1","N",2020-12-10,7,2,0,0.018045233722055,0.997010310421286,0.0430756417195071,9.27156522969374
47,157,"U2S",1,"U","U2","S",2020-12-10,7,2,0.447162417808915,0.0907254350023367,1.19907644124169,0.0748254632447242,9.37313886484687
48,158,"U2S",2,"U","U2","S",2020-12-10,7,2,0.231794809765035,0.0300209105433046,0.415813968957871,0.0684397092177224,9.37775569241012
49,159,"U2C",1,"U","U2","C",2020-12-10,7,2,2.05361450466012,0.059538076969058,1.66807472283814,0.161206668533895,3.16242916111851
50,160,"U2C",2,"U","U2","C",2020-12-10,7,2,1.49751327717648,0.048397495951571,1.21875149667406,0.13158470865966,16.0770742177097
51,161,"U2N",1,"U","U2","N",2020-12-10,7,2,0.233027389770808,0.0626008412037691,0.979464911308204,0.0877737508344617,1.43099538948069
52,162,"U2N",2,"U","U2","N",2020-12-10,7,2,0.2103891144087,0.0600933149297367,1.2437421286031,0.0669322027473534,13.8793220039947
53,163,"R2S",1,"R","R2","S",2020-12-10,7,2,0.507361160166374,0.0731817065350882,0.501422727272727,0.0394391890611279,4.26582866178429
54,164,"R2S",2,"R","R2","S",2020-12-10,7,2,0.503985685002314,0.025146906348154,0.312654101995565,0.0591278742863641,9.93549349201065
55,165,"R2C",1,"R","R2","C",2020-12-10,7,2,0.177234041180616,0.014286183173751,0,0,16.9450052263648
56,166,"R2C",2,"R","R2","C",2020-12-10,7,2,0.132886078358323,0.00802184521415918,0,0,13.0944338881491
57,167,"R2N",1,"R","R2","N",2020-12-10,7,2,0.0152643903949527,0.00634941474388932,0.0946355321507761,0,8.85141849201065
58,168,"R2N",2,"R","R2","N",2020-12-10,7,2,0,0.00634941474388932,0.112186640798226,0.00272327247992554,4.27136268308921
59,169,"U1S",1,"U","U1","S",2020-12-24,8,2,2.18549558180079,0.171617784830075,1.50961801552106,0.182224996156738,0.267513698402131
60,170,"U1S",2,"U","U1","S",2020-12-24,8,2,2.5335897969354,0.13903785416961,1.64042915742794,0.218497337093062,4.30738010985353
61,171,"U1C",1,"U","U1","C",2020-12-24,8,2,2.11477007462313,0.25348627881449,3.83388381374723,0.234018146515688,4.74599587217044
62,172,"U1C",2,"U","U1","C",2020-12-24,8,2,2.6470585873052,0.305282368412472,3.77432766075388,0.295921351059372,13.1535371671105
63,173,"U1N",1,"U","U1","N",2020-12-24,8,2,5.51659454333448,0.231209594505005,3.26810321507761,0.235259941413941,6.29454806924101
64,174,"U1N",2,"U","U1","N",2020-12-24,8,2,4.2708631414614,0.166327352164415,3.89876125277162,0.214418393326833,10.3861219207723
65,175,"R1S",1,"R","R1","S",2020-12-24,8,2,0.207043540107314,0.0780557107302388,0.522690742793792,0,8.89758848202397
66,176,"R1S",2,"R","R1","S",2020-12-24,8,2,0.0308510456431669,0.00857708317483779,0.408368736141907,0,5.91501158455393
67,177,"R1C",1,"R","R1","C",2020-12-24,8,2,0,0.0123383725858865,0.311592128603104,0,4.41910630825566
68,178,"R1C",2,"R","R1","C",2020-12-24,8,2,0,0.00746436839073589,0.32009933481153,0,4.35446900798935
69,179,"R1N",1,"R","R1","N",2020-12-24,8,2,0,0.0106659421156166,0.238207483370288,0,6.39979562250333
70,180,"R1N",2,"R","R1","N",2020-12-24,8,2,1.77909136213428,0.00885694101792177,0.371679268292683,0,4.27136268308921
71,181,"U2S",1,"U","U2","S",2020-12-24,8,2,0.724627472990038,0.14600071730554,0.356257815964523,0.015849424142426,12.8174139480692
72,182,"U2S",2,"U","U2","S",2020-12-24,8,2,0.123081917719406,0.0151212789775136,0.592352771618625,0,5.09780396138482
73,183,"U2C",1,"U","U2","C",2020-12-24,8,2,1.39430712733994,0.074990707632783,0.905549279379157,0.0896359009133276,0.412540029960053
74,184,"U2C",2,"U","U2","C",2020-12-24,8,2,0.53275529837158,0.0230580474073752,0.938521840354767,0.0603696691846177,7.63256058588549
75,185,"U2N",1,"U","U2","N",2020-12-24,8,2,0,0.00161645890165306,0.621066019955654,0,5.11627127163782
76,186,"U2N",2,"U","U2","N",2020-12-24,8,2,0.0187179400337715,0.0273745747791025,0.485470288248337,0,7.71102093874834
77,187,"R2S",1,"R","R2","S",2020-12-24,8,2,0.499674977300181,0.0688651791633609,0.328606541019956,0,2.17433034287617
78,188,"R2S",2,"R","R2","S",2020-12-24,8,2,0.110398968468621,0.013869754703242,0.476432095343681,0,10.8459582889481
79,189,"R2C",1,"R","R2","C",2020-12-24,8,2,0.0589013771492253,0.0184639010553086,0.307869512195122,0,3.81427961051931
80,190,"R2C",2,"R","R2","C",2020-12-24,8,2,0,0,1.01987699556541,0,3.59266502996005
81,191,"R2N",1,"R","R2","N",2020-12-24,8,2,0,0.00147764941148341,0.328075554323725,0,6.12277568242344
82,192,"R2N",2,"R","R2","N",2020-12-24,8,2,0,0.00634941474388932,0.328075554323725,0,5.59182165446072
83,193,"U1S",1,"U","U1","S",2021-01-06,9,2,1.25180626047296,0.122747888839378,1.56970515521064,0.0107054650136778,7.59097999334221
84,194,"U1S",2,"U","U1","S",2021-01-06,9,2,0.759785904017263,0.0460310180304529,0.69285199556541,0.00760152003655837,6.39056196737683
85,195,"U1C",1,"U","U1","C",2021-01-06,9,2,3.14355576736677,0.19375565964939,3.0261616962306,0.143823709032403,11.8423118508655
86,196,"U1C",2,"U","U1","C",2021-01-06,9,2,1.82586129483315,0.110913260371043,4.31617960088692,0.0967309421573232,16.3263280459387
87,197,"U1N",1,"U","U1","N",2021-01-06,9,2,4.7796412702867,0.726737085783222,12.4620236696231,0.196769722253226,9.68987586551265
88,198,"U1N",2,"U","U1","N",2021-01-06,9,2,5.86847287875636,0.900358652769778,18.82225654102,0.280223762101012,3.89924946737683
89,199,"R1S",1,"R","R1","S",2021-01-06,9,2,0.267341952007019,0.0774982339068155,0.42857477827051,0,16.2884745173103
90,200,"R1S",2,"R","R1","S",2021-01-06,9,2,0,0.0238931432111378,1.34743298226164,0,11.6437814081225
91,201,"R1C",1,"R","R1","C",2021-01-06,9,2,0.0609063961074044,0.0304373390138136,0.938521840354767,0,7.20223556924101
92,202,"R1C",2,"R","R1","C",2021-01-06,9,2,0.10573775620959,0.0152623273304279,0.741240299334812,0,1.41252636484687
93,203,"R1N",1,"R","R1","N",2021-01-06,9,2,0.0772654903080241,0.0401831085413701,0.551409700665188,0,13.1359870505992
94,204,"R1N",2,"R","R1","N",2021-01-06,9,2,0.0717969547568015,0.0133122778798187,0.808241685144124,0,2.22050033288948
95,205,"U2S",1,"U","U2","S",2021-01-06,9,2,0.245040891929509,0.0843200486898306,1.2517183481153,0,3.87891862516644
96,206,"U2S",2,"U","U2","S",2021-01-06,9,2,0.142912834308256,0.0617657454000065,0.997541297117517,0,8.88373799933422
97,207,"U2C",1,"U","U2","C",2021-01-06,9,2,1.98439732988844,0.0965733444914195,3.64033059866962,0,12.7131213049268
98,208,"U2C",2,"U","U2","C",2021-01-06,9,2,2.65332447919439,0.163542206910043,1.76911064301552,0,11.8478784454061
99,209,"U2N",1,"U","U2","N",2021-01-06,9,2,0.513715093484547,0.129430894132223,2.05306291574279,6.29031476844608e-05,1.47716537949401
100,210,"U2N",2,"U","U2","N",2021-01-06,9,2,0.371524863357573,0.103395159274435,2.0025449556541,0,11.2799555093209
101,211,"R2S",1,"R","R2","S",2021-01-06,9,2,0.323663549171114,0.0737391833585115,0.734862749445676,0,10.2457501331558
102,212,"R2S",2,"R","R2","S",2021-01-06,9,2,0.0777937388819271,0.0162362326243601,0.637018458980044,0,4.57146676098535
103,213,"R2C",1,"R","R2","C",2021-01-06,9,2,0.201995277792562,0.0616246970470922,0.881620620842572,0,8.28352812916112
104,214,"R2C",2,"R","R2","C",2021-01-06,9,2,0.939591419387823,0.0262596211322559,0.605644567627494,0,0.821550149800266
105,215,"R2N",1,"R","R2","N",2021-01-06,9,2,0.0293493578733294,0.0191601873689015,0.691790022172949,0,8.37586810918775
106,216,"R2N",2,"R","R2","N",2021-01-06,9,2,0.173654243454953,0.0227804284270359,0.560978880266075,0,10.9152141311585
107,217,"U1S",1,"U","U1","S",2021-01-21,10,2,1.28991158763259,0.139872949973373,0.80079645232816,0,6.27051930758988
108,218,"U1S",2,"U","U1","S",2021-01-21,10,2,1.02968936326,0.067472606536175,0.912463525498891,0,5.92886206724368
109,219,"U1C",1,"U","U1","C",2021-01-21,10,2,14.9799002982022,0.105622827705383,3.08624883592018,0.615014920281264,12.2191327563249
110,220,"U1C",2,"U","U1","C",2021-01-21,10,2,15.3673490320926,0.0823699992392214,1.63032328159645,0.636034332441135,12.2311368508655
111,221,"U1N",1,"U","U1","N",2021-01-21,10,2,6.66401523105432,0.155885296323266,2.63213531042129,0.0782840518303405,12.4822370672437
112,222,"U1N",2,"U","U1","N",2021-01-21,10,2,5.28680143020955,0.12024260142809,3.15962777161863,0.0707465194784956,2.49568417110519
113,223,"R1S",1,"R","R1","S",2021-01-21,10,2,0.22356044441649,0.079029616024171,0.33445310421286,0,13.7408120339547
114,224,"R1S",2,"R","R1","S",2021-01-21,10,2,0.0426419524908515,0.0257043831715773,0.754537804878049,0,14.6365091544607
115,225,"R1C",1,"R","R1","C",2021-01-21,10,2,0,0.0126159915662258,0.294572006651885,0,6.55215607523302
116,226,"R1C",2,"R","R1","C",2021-01-21,10,2,0,0.00913455999826108,0.328606541019956,0,2.07367390146471
117,227,"R1N",1,"R","R1","N",2021-01-21,10,2,0,0.0177676147417157,0.482809645232816,0,6.08583934753662
118,228,"R1N",2,"R","R1","N",2021-01-21,10,2,0,0.0237543337209681,0.46047965631929,0,5.82728843209054
119,229,"U2S",1,"U","U2","S",2021-01-21,10,2,0.180403532624035,0.0907254350023367,0.434421341463415,0,3.81427961051931
120,230,"U2S",2,"U","U2","S",2021-01-21,10,2,0.0597419236221653,0.0222229516036126,0.28659578713969,0,8.03882769640479
121,231,"U2C",1,"U","U2","C",2021-01-21,10,2,0.476613106383528,0.044918303246351,1.06028907982262,0,6.81164990013316
122,232,"U2C",2,"U","U2","C",2021-01-21,10,2,0.4156701647773,0.0646874612818033,1.57023614190687,0,13.8350155459387
123,233,"U2N",1,"U","U2","N",2021-01-21,10,2,0.279039833948607,0.421262175174707,10.0930864745011,0.0220573140966649,9.92625812250333
124,234,"U2N",2,"U","U2","N",2021-01-21,10,2,0.116842604374816,0.239981458738629,15.5073408536585,0,14.0132151464714
125,235,"R2S",1,"R","R2","S",2021-01-21,10,2,0.182702576731839,0.0692838464966145,0.169082150776053,0,2.74775472703063
126,236,"R2S",2,"R","R2","S",2021-01-21,10,2,0,0.0641322233211246,0.190350166297118,0,5.2132280792277
127,237,"R2C",1,"R","R2","C",2021-01-21,10,2,0.430201984036745,0.0243118105443914,0.122817793791574,0,10.1294088215712
128,238,"R2C",2,"R","R2","C",2021-01-21,10,2,0.268667556918889,0.0145660410168349,0.315845731707317,0,1.22322957723036
129,239,"R2N",1,"R","R2","N",2021-01-21,10,2,0.0157627381061819,0.0179064242318853,0,0,8.9899284620506
130,240,"R2N",2,"R","R2","N",2021-01-21,10,2,0,0.0149824694873439,0.108464024390244,0,7.96033819906791
11,241,"U1S",1,"U","U1","S",2021-02-04,11,3,0.549426690471237,0.116877590722848,0,0.0730880349241982,11.2193058588549
12,242,"U1S",2,"U","U1","S",2021-02-04,11,3,0.234178572983748,0.0479631565791047,0,0.0482434606628943,7.61144455725699
13,243,"U1C",1,"U","U1","C",2021-02-04,11,3,6.93678086731855,0.336442860092815,3.49465753880266,0.613029132981087,85.5609633655126
14,244,"U1C",2,"U","U1","C",2021-02-04,11,3,9.5494434955947,0.430855702035626,4.18837167405765,0.806099499428249,116.533128511984
15,245,"U1N",1,"U","U1","N",2021-02-04,11,3,3.98264706499002,1.31861851300388,17.5845265521064,0.364586643979135,51.1641425099867
16,246,"U1N",2,"U","U1","N",2021-02-04,11,3,2.46326462908577,0.897410070535045,15.0217735033259,0.873893909113691,39.6593922436751
17,247,"R1S",1,"R","R1","S",2021-02-04,11,3,0,0.059954505439567,0,0.0073976270750984,12.8071396637816
18,248,"R1S",2,"R","R1","S",2021-02-04,11,3,0,0.017778809055439,0,0.0164513421935446,19.6846252163782
19,249,"R1C",1,"R","R1","C",2021-02-04,11,3,0,0.0147473888991534,0,0,7.24032396804261
20,250,"R1C",2,"R","R1","C",2021-02-04,11,3,0,0.00785393050830879,0,0.0130827701813388,6.39003393808256
21,251,"R1N",1,"R","R1","N",2021-02-04,11,3,0,0.0161242894871265,0,0.00697682670782994,5.06997098868176
22,252,"R1N",2,"R","R1","N",2021-02-04,11,3,0,0.00923306995902664,0,0.00518734060990993,4.63777901131824
23,253,"U2S",1,"U","U2","S",2021-02-04,11,3,0,0.107644520763822,0.725670399113082,0.0178200279241961,4.66126774300932
24,254,"U2S",2,"U","U2","S",2021-02-04,11,3,0,0.0133682494484355,0.500680487804878,0.00981939826095014,1.88020773968043
25,255,"U2C",1,"U","U2","C",2021-02-04,11,3,0.168556146369077,0.0385912771299084,0.245812583148559,0.0651926053527694,57.8959999833555
26,256,"U2C",2,"U","U2","C",2021-02-04,11,3,0.295055068228479,0.0543036158720153,0.219445953436807,0.0708766639219807,86.0495207556591
27,257,"U2N",1,"U","U2","N",2021-02-04,11,3,0,0.0724966145352186,0.635436917960089,0.0531911185893859,11.0924673934754
28,258,"U2N",2,"U","U2","N",2021-02-04,11,3,0,0.0356964276010477,0.59559578713969,0.0415063166384827,4.56261541278296
29,259,"R2S",1,"R","R2","S",2021-02-04,11,3,0.0499693250049593,0.0793878340633185,0,0.00929231326483552,16.3633260985353
30,260,"R2S",2,"R","R2","S",2021-02-04,11,3,0,0.011713729880123,0.0196522172949002,0.00434465533834397,11.1065596038615
31,261,"R2C",1,"R","R2","C",2021-02-04,11,3,0,0.0242558389757746,0,0.0164513421935446,10.8199974201065
32,262,"R2C",2,"R","R2","C",2021-02-04,11,3,0,0.00592626968514634,0,0.0156086569219786,9.59858680093209
33,263,"R2N",1,"R","R2","N",2021-02-04,11,3,0,0.00440832074425884,0,0.0133983704567901,5.76053730026631
34,264,"R2N",2,"R","R2","N",2021-02-04,11,3,0,0.00854350023366771,0,0.0143462558201732,6.23970674101198
35,265,"U1S",1,"U","U1","S",2021-02-18,12,3,0.494836021024145,0.124458379976307,0.708678824833703,0.0441384880079687,10.7918112849534
36,266,"U1S",2,"U","U1","S",2021-02-18,12,3,0.268124357913649,0.0705667148493115,0.846952328159645,0.0828781506853642,10.4723655625832
37,267,"U1C",1,"U","U1","C",2021-02-18,12,3,1.03613299916619,0.0737369444957668,1.32915105321508,0.285421948081212,19.4638301098535
38,268,"U1C",2,"U","U1","C",2021-02-18,12,3,1.47058090570261,0.101028681353316,1.30747195121951,0.253419429428228,26.1956841544607
39,269,"U1N",1,"U","U1","N",2021-02-18,12,3,8.4461199356825,2.03809272804339,29.2159271618625,1.13244319868929,91.5082910286285
40,270,"U1N",2,"U","U1","N",2021-02-18,12,3,6.94466805042827,1.67049833172121,25.4087125831486,1.0507515315137,74.121975033289
41,271,"R1S",1,"R","R1","S",2021-02-18,12,3,0.0783153428196804,0.103645911901838,0,0.0334004868834196,16.7250518808256
42,272,"R1S",2,"R","R1","S",2021-02-18,12,3,0,0.0533386660290617,0.414552161862528,0.0607709478853634,18.0545096371505
43,273,"R1C",1,"R","R1","C",2021-02-18,12,3,0,0.0410719370510048,0,0.0716141491017296,51.4601046438083
44,274,"R1C",2,"R","R1","C",2021-02-18,12,3,0,0.0588529849691885,2.24667893569845,0.0662456908079696,48.0354523635153
45,275,"R1N",1,"R","R1","N",2021-02-18,12,3,0,0.0281156383475889,0,0.0267685429508252,35.985762150466
46,276,"R1N",2,"R","R1","N",2021-02-18,12,3,0,0.0307351077588549,0.226474390243902,0.0231884862179561,36.9300071071904
47,277,"U2S",1,"U","U2","S",2021-02-18,12,3,0.298832543879597,0.269594896262403,3.31185537694013,0.0517172327669172,8.58857476697736
48,278,"U2S",2,"U","U2","S",2021-02-18,12,3,0.118329341713316,0.242992729130213,3.41439290465632,0.0594022621547119,9.74891571238349
49,279,"U2C",1,"U","U2","C",2021-02-18,12,3,0.811896463021471,0.14968140765778,2.36269096452328,0.120355412260954,83.9120513149135
50,280,"U2C",2,"U","U2","C",2021-02-18,12,3,0.918396691229242,0.144030518090228,2.83258564301552,0.140251244058738,104.290824184421
51,281,"U2N",1,"U","U2","N",2021-02-18,12,3,0,0.0169526687026551,0,0.0338212872506881,8.55568951398136
52,282,"U2N",2,"U","U2","N",2021-02-18,12,3,0,0.0157123387421069,0,0.0250831724076933,2.10570024966711
53,283,"R2S",1,"R","R2","S",2021-02-18,12,3,0.0335703629874413,0.0814565432393953,0,0.0126619698140703,11.9568496338216
54,284,"R2S",2,"R","R2","S",2021-02-18,12,3,0,0.0591283650867831,0.273937749445676,0.0117140844506873,11.6749865679095
55,285,"R2C",1,"R","R2","C",2021-02-18,12,3,0.531964586669763,0.00606284031257132,0,0.0318214009691339,58.7087073568575
56,286,"R2C",2,"R","R2","C",2021-02-18,12,3,0.660488461395793,0.0143331992913891,0,0.0290840295078308,61.7575382157124
57,287,"R2N",1,"R","R2","N",2021-02-18,12,3,0,0.0111629696449338,0.0413313192904656,0.00897671298938417,11.3649356524634
58,288,"R2N",2,"R","R2","N",2021-02-18,12,3,0,0.00840692960624273,0,0.00834551243848148,4.29954196071904
59,289,"U1S",1,"U","U1","S",2021-03-04,13,3,0.21827131404131,0.0917933725315451,0,0.0486642610301628,12.1447594873502
60,290,"U1S",2,"U","U1","S",2021-03-04,13,3,0.0460739070621838,0.0245334579561139,0,0.0478226602956259,12.5205774800266
61,291,"U1C",1,"U","U1","C",2021-03-04,13,3,1.77448330696445,0.279517535946789,4.52995598669623,0.295001663658744,27.708356075233
62,292,"U1C",2,"U","U1","C",2021-03-04,13,3,1.89896890407048,0.305015943745856,4.90845243902439,0.308477036244596,28.9438589047936
63,293,"U1N",1,"U","U1","N",2021-03-04,13,3,3.20348374080113,1.42240547325863,22.2377856430155,0.691036627869022,58.1496751997337
64,294,"U1N",2,"U","U1","N",2021-03-04,13,3,3.52645624781267,1.56340457119257,23.641617405765,0.806625499887334,65.2573489513981
65,295,"R1S",1,"R","R1","S",2021-03-04,13,3,0,0.0611948354001152,0,0.0162409420099104,29.8176376664447
66,296,"R1S",2,"R","R1","S",2021-03-04,13,3,0,0.00992263968438556,0.0249278270509978,0.0103453987200357,13.5352886318242
67,297,"R1C",1,"R","R1","C",2021-03-04,13,3,0,0.00854350023366771,0,0.0149774563710759,30.433040379494
68,298,"R1C",2,"R","R1","C",2021-03-04,13,3,0,0.00785393050830879,0,0.0067664265241957,28.5821331225033
69,299,"R1N",1,"R","R1","N",2021-03-04,13,3,0,0.0103368292921499,0,0,8.8046690412783
70,300,"R1N",2,"R","R1","N",2021-03-04,13,3,0,0.0125421090956516,0,0,7.08060024966711
71,301,"U2S",1,"U","U2","S",2021-03-04,13,3,0.0341069173565315,0.07484070382889,0,0.0342420876179566,11.4541914613848
72,302,"U2S",2,"U","U2","S",2021-03-04,13,3,0,0.0187437588983926,0,0.0249779723158761,10.9139523468708
73,303,"U2C",1,"U","U2","C",2021-03-04,13,3,0.203706271601115,0.0312858679940442,0,0.0674028918179578,49.7877072902796
74,304,"U2C",2,"U","U2","C",2021-03-04,13,3,0.213836019411369,0.0305962982686853,0,0.0589814617874434,50.6708825732357
75,305,"U2N",1,"U","U2","N",2021-03-04,13,3,0,0.437608112073556,7.86610543237251,0.066666491175238,12.5722540612517
76,306,"U2N",2,"U","U2","N",2021-03-04,13,3,0,1.06225529556249,14.8032296563193,0.081825065230164,22.6723829727031
77,307,"R2S",1,"R","R2","S",2021-03-04,13,3,0,0.063263544576192,0,0.00992459835276726,8.95499795272969
78,308,"R2S",2,"R","R2","S",2021-03-04,13,3,0.0255303532462757,0.0545789959896099,0,0.0198199142057504,10.7824164780293
79,309,"R2C",1,"R","R2","C",2021-03-04,13,3,0.0852955330949651,0.00702779015552488,0,0.0137139707322415,28.3895275798935
80,310,"R2C",2,"R","R2","C",2021-03-04,13,3,0,0.00123809109780352,0,0.00792471207121302,12.3326693408788
81,311,"R2N",1,"R","R2","N",2021-03-04,13,3,0,0.00385756050906957,0,0.00423945524652685,9.53281800932091
82,312,"R2N",2,"R","R2","N",2021-03-04,13,3,0,0.00399636999923922,0,0.00760802725873263,12.638021138482
83,313,"U1S",1,"U","U1","S",2021-03-18,14,3,0.0845413668919714,0.0693263848887633,0,0.0432958027364028,6.31956774300932
84,314,"U1S",2,"U","U1","S",2021-03-18,14,3,0,0.0248088380737086,0,0.0529807184057516,7.10878809920106
85,315,"U1C",1,"U","U1","C",2021-03-18,14,3,0.973900998146921,0.308461553509906,11.825656097561,0.399958819181354,20.7838930592543
86,316,"U1C",2,"U","U1","C",2021-03-18,14,3,1.23734753221116,0.364697307930574,14.7540134700665,0.513653005009929,24.6783148302264
87,317,"U1N",1,"U","U1","N",2021-03-18,14,3,2.68643303996942,0.871222093010618,20.9528949002217,0.76893783812811,44.3054517143808
88,318,"U1N",2,"U","U1","N",2021-03-18,14,3,2.83009173468548,0.916843399158796,22.2864194567628,0.856735448777211,48.500527879494
89,319,"R1S",1,"R","R1","S",2021-03-18,14,3,0,0.0792512634358935,0,0.00771431188757879,7.87451800932091
90,320,"R1S",2,"R","R1","S",2021-03-18,14,3,0,0.00248065992109639,0,0.00960899807731591,16.3492321737683
91,321,"R1C",1,"R","R1","C",2021-03-18,14,3,0,0.027289497994805,0,0.0300319148712139,7.16985777296937
92,322,"R1C",2,"R","R1","C",2021-03-18,14,3,1.12054479565325,0.354772429383443,4.86157716186253,0.12372398427316,23.0998775466045
93,323,"R1N",1,"R","R1","N",2021-03-18,14,3,0,0.0126786797230766,0,0,12.7037899300932
94,324,"R1N",2,"R","R1","N",2021-03-18,14,3,0.652705931305429,0.255810218343459,6.55191906873614,0.0636135194384836,27.8164014980027
95,325,"U2S",1,"U","U2","S",2021-03-18,14,3,0.0242280045609299,0.0975830715892665,0,0.0777200925752384,10.2844557090546
96,326,"U2S",2,"U","U2","S",2021-03-18,14,3,0,0.0101980198019802,0,0.0278205438689964,7.13697423435419
97,327,"U2C",1,"U","U2","C",2021-03-18,14,3,0.506925936498567,0.0551297562247992,0.4438477827051,0.0523495178548489,80.9524848368842
98,328,"U2C",2,"U","U2","C",2021-03-18,14,3,0.647619462332816,0.0469982067361511,0,0.0688767776404265,101.481584903462
99,329,"U2N",1,"U","U2","N",2021-03-18,14,3,0,0.0270141178772103,0,0.0362430584365398,13.6809184254328
100,330,"U2N",2,"U","U2","N",2021-03-18,14,3,0,0.00427175011683386,0,0.0124504850934071,3.43515800599201
101,331,"R2S",1,"R","R2","S",2021-03-18,14,3,0.454047922019066,0.089863472845638,0,0.0160305418262761,30.9263037450067
102,332,"R2S",2,"R","R2","S",2021-03-18,14,3,0.259029512183715,0.0144697699188141,0,0.00613522597329301,32.5611150133156
103,333,"R2C",1,"R","R2","C",2021-03-18,14,3,0,0.042312267011553,0.583291740576497,0.0104505988118528,19.4497361850866
104,334,"R2C",2,"R","R2","C",2021-03-18,14,3,0,0.00509789046961776,0,0,23.2314134154461
105,335,"R2N",1,"R","R2","N",2021-03-18,14,3,0,0.000962710980208888,0,0.00487174033445858,9.22276880825566
106,336,"R2N",2,"R","R2","N",2021-03-18,14,3,0,0,0,0.00992459835276726,6.20212408455393
107,337,"U1S",1,"U","U1","S",2021-04-01,15,3,0.186460118474508,0.0981338318244558,0,0.0645603202648376,6.39942874500666
108,338,"U1S",2,"U","U1","S",2021-04-01,15,3,0,0.0187437588983926,0,0.0651926053527694,7.61614196071904
109,339,"U1C",1,"U","U1","C",2021-04-01,15,3,9.87290936684036,0.380270837182511,7.41554323725055,1.14476028572812,166.258643209055
110,340,"U1C",2,"U","U1","C",2021-04-01,15,3,11.923706545773,0.422309962939214,8.74203364745011,1.41373089161579,1.48328229027963
111,341,"U1N",1,"U","U1","N",2021-04-01,15,3,7.89710355149351,1.09629944245797,21.1585466186253,0.879789452403566,97.6999093874834
112,342,"U1N",2,"U","U1","N",2021-04-01,15,3,6.57394718804482,4.08169753616415,67.4732388580931,0.942216488332277,101.772844490679
113,343,"R1S",1,"R","R1","S",2021-04-01,15,3,0.0501171681592906,0.0780109334753454,0,0.0106609989954871,8.93620662450067
114,344,"R1S",2,"R","R1","S",2021-04-01,15,3,0,0,0,0,6.68599092876165
115,345,"R1C",1,"R","R1","C",2021-04-01,15,3,0.0382000132247613,0.0351456673658584,0,0.0128723699977046,37.2353589047936
116,346,"R1C",2,"R","R1","C",2021-04-01,15,3,0,0.00248065992109639,0,0.00571334106899551,33.7543394973369
117,347,"R1N",1,"R","R1","N",2021-04-01,15,3,0,0.00771735988088381,0,0.000660483050686838,8.21275505992011
118,348,"R1N",2,"R","R1","N",2021-04-01,15,3,0,0.00192766082316245,0,0.00518734060990993,6.80813199067909
119,349,"U2S",1,"U","U2","S",2021-04-01,15,3,0.524731900220789,0.104198910999772,0,0.0460331741977058,29.2069323568575
120,350,"U2S",2,"U","U2","S",2021-04-01,15,3,0.115204701563909,0.0126786797230766,0,0.0262414579547106,14.5218136484687
121,351,"U2C",1,"U","U2","C",2021-04-01,15,3,1.58339187709358,0.103370531784243,1.63734029933481,0.273737146130309,141.788150765646
122,352,"U2C",2,"U","U2","C",2021-04-01,15,3,2.12527856669392,0.162637706361196,2.5724421286031,0.272473660491474,130.208228328895
123,353,"U2N",1,"U","U2","N",2021-04-01,15,3,3.74181388890233,11.8550401799785,191.750309700665,1.16960485998943,161.044163631824
124,354,"U2N",2,"U","U2","N",2021-04-01,15,3,0,0.420380063253307,3.34700898004435,0.0484538608465285,15.4707542942743
125,355,"R2S",1,"R","R2","S",2021-04-01,15,3,0.100388824109062,0.105714621077915,0,0.0512964323996487,7.60204975033289
126,356,"R2S",2,"R","R2","S",2021-04-01,15,3,1.04084902967346,0.478682287987306,4.95181064301552,0.0618240333405636,18.5054912283622
127,357,"R2C",1,"R","R2","C",2021-04-01,15,3,0,0.0129540598406712,0,0.00539774079354416,16.7673302263648
128,358,"R2C",2,"R","R2","C",2021-04-01,15,3,0,0.0190191390159872,0,0.00171356850588704,18.3222804926764
129,359,"R2N",1,"R","R2","N",2021-04-01,15,3,0,0.0260491680342568,0,0.0191887136548477,17.8478101697736
130,360,"R2N",2,"R","R2","N",2021-04-01,15,3,0,0.0113017791351034,0,0.0186616286587331,17.7350639147803
131,361,"U1S",1,"U","U1","S",2021-04-15,16,3,2.41428701602615,0.708859766767017,10.7405590909091,0.32153052392615,28.9720467543276
132,362,"U1S",2,"U","U1","S",2021-04-15,16,3,2.94140932410181,0.849308104465771,12.1578653547672,0.448383397528098,35.4455230359521
133,363,"U1C",1,"U","U1","C",2021-04-15,16,3,1.89559010658835,0.705550727630392,18.1030493348115,0.562393183632125,32.4013912949401
134,364,"U1C",2,"U","U1","C",2021-04-15,16,3,1.85110758988403,0.707756007433894,19.0076907982262,0.563867069454594,30.8511384320905
135,365,"U1N",1,"U","U1","N",2021-04-15,16,3,0.0516504179508394,0.0523737161861082,0.0782434589800444,0.0456112892934083,6.27259027962717
136,366,"U1N",2,"U","U1","N",2021-04-15,16,3,0.0455788816690294,0.0405211768158155,0,0.0564544905097745,8.02484520639148
137,367,"R1S",1,"R","R1","S",2021-04-15,16,3,0.0480573309528763,0.112605840606015,0,0.0264518581383448,18.3128856857523
138,368,"R1S",2,"R","R1","S",2021-04-15,16,3,0,0.00385756050906957,0,0.0127671699058875,15.7479216711052
139,369,"R1C",1,"R","R1","C",2021-04-15,16,3,0,0,0,0.0172940274651106,15.0620527629827
140,370,"R1C",2,"R","R1","C",2021-04-15,16,3,0,0.0214997989370836,0,0.0391897455444481,167.710242027297
141,371,"R1N",1,"R","R1","N",2021-04-15,16,3,0,0.0227401288976318,0,0.00571334106899551,20.3235166611185
142,372,"R1N",2,"R","R1","N",2021-04-15,16,3,0,0.0281156383475889,0,0.0289788294160137,158.784546271638
143,373,"U2S",1,"U","U2","S",2021-04-15,16,3,0,0.0248088380737086,0.130388636363636,0.0109776838079675,7.37185983688416
144,374,"U2S",2,"U","U2","S",2021-04-15,16,3,0,0.011577159252698,0,0.0181356281996475,6.33835907123835
145,375,"U2C",1,"U","U2","C",2021-04-15,16,3,0.0710444497128453,0.0297701579159014,0,0.0591918619710776,47.0113481191744
146,376,"U2C",2,"U","U2","C",2021-04-15,16,3,0.192154571654821,0.036247187836237,0,0.0784564932179583,51.9627611018642
147,377,"U2N",1,"U","U2","N",2021-04-15,16,3,0,0.0552685657149689,0.637195454545455,0.0492965461180945,15.5224308754993
148,378,"U2N",2,"U","U2","N",2021-04-15,16,3,0,0.0508580061079653,0.225892017738359,0.0329786019791221,8.79057683089214
149,379,"R2S",1,"R","R2","S",2021-04-15,16,3,0.248751921219129,0.0872462422971167,0,0.031926601060951,27.2667692909454
150,380,"R2S",2,"R","R2","S",2021-04-15,16,3,0,0.00606284031257132,0,0.0122400849097728,22.5596384320905
151,381,"R2C",1,"R","R2","C",2021-04-15,16,3,0.046105469083895,0.00799273999847844,0,0.00413425515470973,29.6720078728362
152,382,"R2C",2,"R","R2","C",2021-04-15,16,3,0.243406311436677,0.00606284031257132,0,0.0169773426526302,46.6449249334221
153,383,"R2N",1,"R","R2","N",2021-04-15,16,3,0,0.0068912195280999,0,0.00518734060990993,16.833099017976
154,384,"R2N",2,"R","R2","N",2021-04-15,16,3,0,0.00661360054776059,0,0.0449800887425056,16.8659825565912
155,385,"U1S",1,"U","U1","S",2021-04-29,17,3,0.343687160208306,0.0948247926878308,0,0.0841416363241987,10.2797583055925
156,386,"U1S",2,"U","U1","S",2021-04-29,17,3,0.107985304387234,0.0318366282292335,0,0.0801407792240611,10.3972019640479
157,387,"U1C",1,"U","U1","C",2021-04-29,17,3,17.8065600783164,0.242303159404854,1.9736490022173,1.44973426736891,2.18120672436751
158,388,"U1C",2,"U","U1","C",2021-04-29,17,3,8.22716588527681,0.115225310017281,1.22017317073171,1.18655292014227,1.95627996005326
159,389,"U1N",1,"U","U1","N",2021-04-29,17,3,5.14344340527926,0.357530708284879,4.96762605321508,0.469438599409928,73.4595948568575
160,390,"U1N",2,"U","U1","N",2021-04-29,17,3,5.32376387995142,0.412662703372423,5.56818342572062,0.461226485026019,63.3641633488682
161,391,"R1S",1,"R","R1","S",2021-04-29,17,3,0,0.0826968731999435,0,0.0100297984445844,11.7313588382157
162,392,"R1S",2,"R","R1","S",2021-04-29,17,3,0,0.000275380117594635,0,0.0175044276487448,11.3132607856192
163,393,"R1C",1,"R","R1","C",2021-04-29,17,3,0,0.000275380117594635,0,0.01234528500159,24.4669179593875
164,394,"R1C",2,"R","R1","C",2021-04-29,17,3,0,0.00578746019497669,0,0.0149774563710759,36.5729787283622
165,395,"R1N",1,"R","R1","N",2021-04-29,17,3,0,0.00592626968514634,0,0,7.26381269973369
166,396,"R1N",2,"R","R1","N",2021-04-29,17,3,0,0.0068912195280999,0,0.00908191308120129,5.58202396804261
167,397,"U2S",1,"U","U2","S",2021-04-29,17,3,0.0518514181943685,0.109849800567323,0,0.0224520855752363,6.37594001331558
168,398,"U2S",2,"U","U2","S",2021-04-29,17,3,0,0.00950845007662128,0,0.0206625994773163,6.07058821571238
169,399,"U2C",1,"U","U2","C",2021-04-29,17,3,1.57728877879006,0.0609194552825206,0.320807317073171,0.234259998273164,141.910283255659
170,400,"U2C",2,"U","U2","C",2021-04-29,17,3,1.59562132992715,0.0774601732401561,0.311432261640798,0.264367830736411,1.24344041278296
11,401,"U2N",1,"U","U2","N",2021-04-29,17,4,0.344203780668947,0.56574046581387,8.83855903547672,0.122357467616567,23.9581394474035
12,402,"U2N",2,"U","U2","N",2021-04-29,17,4,0.551451643337865,0.830544195802676,10.8159534922395,0.12556986629659,27.8751841877497
13,403,"R2S",1,"R","R2","S",2021-04-29,17,4,0.0216432410986874,0.0809304104943974,0,0.0328885854057116,8.38366511318242
14,404,"R2S",2,"R","R2","S",2021-04-29,17,4,0,0,0,0.0333007094767477,8.47268776631159
15,405,"R2C",1,"R","R2","C",2021-04-29,17,4,0,0,0,0.0191312331923084,17.1314218541944
16,406,"R2C",2,"R","R2","C",2021-04-29,17,4,0,0,0,0.0373373562988437,17.0330266810919
17,407,"R2N",1,"R","R2","N",2021-04-29,17,4,0,0,0,0.0369252322278075,12.221058005992
18,408,"R2N",2,"R","R2","N",2021-04-29,17,4,0,0,0,0.0305817751449384,9.0864841045273
19,409,"U1S",1,"U","U1","S",2021-05-13,18,4,0.265592751540604,0.153702405147211,0,0.0678193540371101,15.6508157123835
20,410,"U1S",2,"U","U1","S",2021-05-13,18,4,0.0101496817187029,0.0334530871308865,0,0.062217720282106,12.8114256158455
21,411,"U1C",1,"U","U1","C",2021-05-13,18,4,23.5462615696501,0.440547738857311,21.1266074833703,1.5125712582946,167.534735719041
22,412,"U1C",2,"U","U1","C",2021-05-13,18,4,13.794874292193,0.230712566975688,33.1473926274945,1.02840573056731,158.374651531292
23,413,"U1N",1,"U","U1","N",2021-05-13,18,4,12.0220239045624,1.3797887209138,0,1.76598092688957,95.7909446238349
24,414,"U1N",2,"U","U1","N",2021-05-13,18,4,12.0850300056931,1.86869589505603,0.168442682926829,2.25278296413447,82.8215868175766
25,415,"R1S",1,"R","R1","S",2021-05-13,18,4,0.441954684226569,0.0942135831585354,0,0.0217677427099106,33.896002213715
26,416,"R1S",2,"R","R1","S",2021-05-13,18,4,0.254363316447571,0.0607246742237341,0,0.0362669182511788,32.9870220705726
27,417,"R1C",1,"R","R1","C",2021-05-13,18,4,0,0.0211594917998935,0,0.0317357225438395,20.1957129993342
28,418,"R1C",2,"R","R1","C",2021-05-13,18,4,0,0.00307395854843443,0,0.0225909063149538,19.4132404460719
29,419,"R1N",1,"R","R1","N",2021-05-13,18,4,0.148731874416377,0,22.1125355875831,0.0419509768203901,24.3048626830892
30,420,"R1N",2,"R","R1","N",2021-05-13,18,4,0.152750218127922,0,19.8173769955654,0.0435983885675056,28.6857691577896
31,421,"U2S",1,"U","U2","S",2021-05-13,18,4,1.8394213360557,1.20344245796698,5.33393264966741,0.235634106688961,44.0072265978695
32,422,"U2S",2,"U","U2","S",2021-05-13,18,4,1.52072963588362,0.882118637988936,5.02356236141907,0.232832747542945,40.0667548435419
33,423,"U2C",1,"U","U2","C",2021-05-13,18,4,2.89481215194283,0.193267587571051,2.97226940133038,0.288523723984273,96.6249566078562
34,424,"U2C",2,"U","U2","C",2021-05-13,18,4,3.39611174278162,0.136604210366152,2.53996058758315,0.271388038925403,122.7089248502
35,425,"U2N",1,"U","U2","N",2021-05-13,18,4,1.43623644260373,0.247526426188173,0,0.0816602156017496,24.3704600366178
36,426,"U2N",2,"U","U2","N",2021-05-13,18,4,1.0404470291864,0.189311517101216,0,0.0739155366773576,20.9266444074567
37,427,"R2S",1,"R","R2","S",2021-05-13,18,4,0,0.100713001706318,0,0.00421993358000409,16.2083855026631
38,428,"R2S",2,"R","R2","S",2021-05-13,18,4,0.155401427951662,0.0253998978383019,0,0.00965671770659378,11.4573270639148
39,429,"R2C",1,"R","R2","C",2021-05-13,18,4,2.96025185106338,0.0385397832867809,0,0.0153418608128342,19.9286416111851
40,430,"R2C",2,"R","R2","C",2021-05-13,18,4,0.0616871408549969,0.0210184434469792,0,0.000512986014737068,29.9930136817577
41,431,"R2N",1,"R","R2","N",2021-05-13,18,4,0.00295354076855216,0,0,0.010480965848666,19.9380124167776
42,432,"R2N",2,"R","R2","N",2021-05-13,18,4,0,0.1231799893491,0,0,19.3335885985353
43,433,"U1S",1,"U","U1","S",2021-05-27,19,4,0.193521705542626,0.185494256121551,18.1860716740577,0,7.56839474034621
44,434,"U1S",2,"U","U1","S",2021-05-27,19,4,0.840489993532769,0,14.0212917960089,0.00454963283683298,7.69958773302264
45,435,"U1C",1,"U","U1","C",2021-05-27,19,4,2.41003278773129,0.613784221451783,20.6906103104213,0.776643473719457,42.5406783788282
46,436,"U1C",2,"U","U1","C",2021-05-27,19,4,1.27513225567657,0.247244329482345,20.562522616408,0.499011755117856,25.7620418109188
47,437,"U1N",1,"U","U1","N",2021-05-27,19,4,5.27615007846154,1.08729025877341,0,1.04356430462223,60.5141063748336
48,438,"U1N",2,"U","U1","N",2021-05-27,19,4,5.64427122695142,1.11032367869059,0,1.18320386979659,64.7357108688416
49,439,"R1S",1,"R","R1","S",2021-05-27,19,4,0.253637389948214,0.0735824629663845,0,0,15.1728977696405
50,440,"R1S",2,"R","R1","S",2021-05-27,19,4,0,0,0,0,6.49073838215712
51,441,"R1C",1,"R","R1","C",2021-05-27,19,4,0,0.0323224614448273,0,0,12.5162418109188
52,442,"R1C",2,"R","R1","C",2021-05-27,19,4,0.120714766091067,0.00561730662638163,0,0,11.9493012150466
53,443,"R1N",1,"R","R1","N",2021-05-27,19,4,0.232233355750916,0.0204542500353219,8.13837028824834,0,13.6829225366178
54,444,"R1N",2,"R","R1","N",2021-05-27,19,4,0.22005539884751,0.0131063025073089,6.99972355875831,0,13.8234863348868
55,445,"U2S",1,"U","U2","S",2021-05-27,19,4,0.815250343118044,0.556979795893969,8.1642344789357,0.102090724154851,19.9052145972037
56,446,"U2S",2,"U","U2","S",2021-05-27,19,4,0.384505160076059,0.390242731847279,11.3831215077605,0.0775411439654464,17.1454780625832
57,447,"U2C",1,"U","U2","C",2021-05-27,19,4,3.06374205909533,0.310125028529198,1.138972172949,0.201280311757013,116.406977513316
58,448,"U2C",2,"U","U2","C",2021-05-27,19,4,5.20089625174784,0.522219212920194,0.925287139689579,0.247331923084213,161.668539414115
59,449,"U2N",1,"U","U2","N",2021-05-27,19,4,2.46236760320555,0.237919466150786,0,0.0459876236424861,24.8015222370173
60,450,"U2N",2,"U","U2","N",2021-05-27,19,4,1.95425227683619,0.239614285248503,0,0.0403859898874819,20.5330671438083
61,451,"R2S",1,"R","R2","S",2021-05-27,19,4,0,0.0896910804142983,0,0,9.54566043608522
62,452,"R2S",2,"R","R2","S",2021-05-27,19,4,0,0,0,0,13.2096899966711
63,453,"R2C",1,"R","R2","C",2021-05-27,19,4,0,0,0,0,11.0637480858855
64,454,"R2C",2,"R","R2","C",2021-05-27,19,4,0,0,0,0,7.73707095539281
65,455,"R2N",1,"R","R2","N",2021-05-27,19,4,0.297786013686015,0,0,0,50.9417135985353
66,456,"R2N",2,"R","R2","N",2021-05-27,19,4,0.507605350544876,0.00335605525426308,0,0,60.7530653462051
67,457,"U1S",1,"U","U1","S",2021-06-10,20,4,0.324889484540738,0.0725951244959842,0,0.0113041294537092,5.68483881491345
68,458,"U1S",2,"U","U1","S",2021-06-10,20,4,0,0.000246274901913902,0,0,2.29724973368842
69,459,"U1C",1,"U","U1","C",2021-06-10,20,4,29.8337800883479,0.0605836258708198,0,1.68887034412465,1.95765146471372
70,460,"U1C",2,"U","U1","C",2021-06-10,20,4,29.3962673433874,0.0586044712045299,0,1.44855971376646,1.95285119840213
71,461,"U1N",1,"U","U1","N",2021-06-10,20,4,14.4614857858008,0.192419058590821,0,0.443157013585143,114.195443392144
72,462,"U1N",2,"U","U1","N",2021-06-10,20,4,14.7387681134878,0.20838662768582,0,0.430963563767618,110.390848318908
73,463,"R1S",1,"R","R1","S",2021-06-10,20,4,0.185338836124242,0.0682136701046614,0,0,14.4888203894807
74,464,"R1S",2,"R","R1","S",2021-06-10,20,4,0,0,0,0,9.51754630492676
75,465,"R1C",1,"R","R1","C",2021-06-10,20,4,0,0,0,0,5.81134640479361
76,466,"R1C",2,"R","R1","C",2021-06-10,20,4,0,0,0,0,8.3883505159787
77,467,"R1N",1,"R","R1","N",2021-06-10,20,4,0,0,0,0,2.93447308588549
78,468,"R1N",2,"R","R1","N",2021-06-10,20,4,0,0.00618150003803893,0,0,3.62323586884155
79,469,"U2S",1,"U","U2","S",2021-06-10,20,4,0.296888987805802,0.0984517503341992,0,0,9.33949928428762
80,470,"U2S",2,"U","U2","S",2021-06-10,20,4,0,0,0,0,3.7169456391478
81,471,"U2C",1,"U","U2","C",2021-06-10,20,4,1.718678330261,0.0474415015595961,25.1682269955654,0.139163453418608,1.73306757656458
82,472,"U2C",2,"U","U2","C",2021-06-10,20,4,1.16485621297672,0.0263872363087022,23.4759609756098,0.0752343337046732,1.26881324900133
83,473,"U2N",1,"U","U2","N",2021-06-10,20,4,2.06443529462994,2.36622492962798,0,0.237940916949734,54.2215332723036
84,474,"U2N",2,"U","U2","N",2021-06-10,20,4,1.85697480360423,2.15992268315745,0,0.232255773843494,52.3520335552597
85,475,"R2S",1,"R","R2","S",2021-06-10,20,4,0.84953500449158,0.149605286324461,0,0,20.1582280625832
86,476,"R2S",2,"R","R2","S",2021-06-10,20,4,0,0,0,0,12.6146369840213
87,477,"R2C",1,"R","R2","C",2021-06-10,20,4,0.399935666374754,0,0,0,69.6273296770972
88,478,"R2C",2,"R","R2","C",2021-06-10,20,4,0.627363289030383,0.00589940333221028,0,0,86.0779897636485
89,479,"R2N",1,"R","R2","N",2021-06-10,20,4,0,0,0,0,17.3235250832224
90,480,"R2N",2,"R","R2","N",2021-06-10,20,4,0,0,0,0,23.2178355193076
91,481,"U1S",1,"U","U1","S",2021-06-24,21,4,0.91730530974165,0.149746334677376,0,0.0212731938246672,17.2672985352863
92,482,"U1S",2,"U","U1","S",2021-06-24,21,4,0.471051545926209,0.0157906989381704,0,0.0014185744339875,10.7545080725699
93,483,"U1C",1,"U","U1","C",2021-06-24,21,4,8.53111147667362,0.0138115442718805,0.583502993348115,0.528588164436873,1.59591711051931
94,484,"U1C",2,"U","U1","C",2021-06-24,21,4,8.76059395305855,0.0157906989381704,0.119180820399113,0.485996226232318,1.56574400798935
95,485,"U1N",1,"U","U1","N",2021-06-24,21,4,13.0507863410795,0.283135538142179,0,0.466471306098468,144.112107123835
96,486,"U1N",2,"U","U1","N",2021-06-24,21,4,13.7105837603157,0.195810935648999,0,0.404272022945855,143.184383655127
97,487,"R1S",1,"R","R1","S",2021-06-24,21,4,0.232391165859472,0.0653882253208855,0,0,23.0913279294274
98,488,"R1S",2,"R","R1","S",2021-06-24,21,4,0.102930397436332,0,0,0,34.7815536284953
99,489,"R1C",1,"R","R1","C",2021-06-24,21,4,0,0,0,0,14.109299334221
100,490,"R1C",2,"R","R1","C",2021-06-24,21,4,0,0,0,0,10.4265264480692
101,491,"R1N",1,"R","R1","N",2021-06-24,21,4,0.0343029341229483,0,0,0,7.99008613515313
102,492,"R1N",2,"R","R1","N",2021-06-24,21,4,0.4069407740356,0,0,0,6.84214702063915
103,493,"U2S",1,"U","U2","S",2021-06-24,21,4,0.274611183954816,0.0833327102194303,0,0,7.69958773302264
104,494,"U2S",2,"U","U2","S",2021-06-24,21,4,0.649629464768107,0.00321500690134875,0,0,8.25247212050599
105,495,"U2C",1,"U","U2","C",2021-06-24,21,4,1.89927954081048,0.0475825499125105,0.339026441241685,0.108599030866134,1.93039280958722
106,496,"U2C",2,"U","U2","C",2021-06-24,21,4,2.10487288907812,0.0413652280705568,0.194923503325942,0.0872618493567537,1.26075565912117
107,497,"U2N",1,"U","U2","N",2021-06-24,21,4,0.116136611783907,0.213755420547543,0,0,21.1937175099867
108,498,"U2N",2,"U","U2","N",2021-06-24,21,4,0.943868903909207,0.231561095955918,0,0,16.2739811418109
109,499,"R2S",1,"R","R2","S",2021-06-24,21,4,0.941948604061937,0.0642575996348263,0,0,74.1441162616511
110,500,"R2S",2,"R","R2","S",2021-06-24,21,4,0.364969929795871,0.00194333286237515,0,0,45.3753830725699
111,501,"R2C",1,"R","R2","C",2021-06-24,21,4,0,0,0,0,23.6301578229028
112,502,"R2C",2,"R","R2","C",2021-06-24,21,4,0,0,0,0,16.2505541278296
113,503,"R2N",1,"R","R2","N",2021-06-24,21,4,0.477971934476146,0.00646359674386758,0,0,52.5863088382157
114,504,"R2N",2,"R","R2","N",2021-06-24,21,4,0.0550009757293375,0.0015179489408875,0,0,22.2573159454061
115,505,"U1S",1,"U","U1","S",2021-07-08,22,4,0.36630882398004,0.0868656356305224,0,0,10.0048333388815
116,506,"U1S",2,"U","U1","S",2021-07-08,22,4,0.195634699838239,0.0258230428970449,0,0,12.6333785952064
117,507,"U1C",1,"U","U1","C",2021-07-08,22,4,12.818303811473,0.0737257501820435,0,0.618550510995942,1.95576564580559
118,508,"U1C",2,"U","U1","C",2021-07-08,22,4,13.9364581992713,0.0790945430437665,0,0.679348572307031,1.95113681757656
119,509,"U1N",1,"U","U1","N",2021-07-08,22,4,15.3226090357375,0.0559200747736684,0,0.131418774494216,1.49459720372836
120,510,"U1N",2,"U","U1","N",2021-07-08,22,4,8.80073586119807,0.0341605677582028,0,0.0396441665596169,135.692338864847
121,511,"R1S",1,"R","R1","S",2021-07-08,22,4,0.241851466577641,0.0882783580224104,0,0,40.3197717376831
122,512,"R1S",2,"R","R1","S",2021-07-08,22,4,0.600989066993093,0.0164959407027421,0,0,41.2474917776298
123,513,"R1C",1,"R","R1","C",2021-07-08,22,4,0,0,0,0,29.6931427596538
124,514,"R1C",2,"R","R1","C",2021-07-08,22,4,0,0,0,0,13.1300364347537
125,515,"R1N",1,"R","R1","N",2021-07-08,22,4,0,0,0,0,167.853351681092
126,516,"R1N",2,"R","R1","N",2021-07-08,22,4,0,0,0,0,1.2444690412783
127,517,"U2S",1,"U","U2","S",2021-07-08,22,4,0.725222167925438,0.60346978078708,14.2282053215078,0,42.2501782623169
128,518,"U2S",2,"U","U2","S",2021-07-08,22,4,0.640760536667264,0.686415167751682,16.2548673503326,0.0136109397144825,52.0709059587217
129,519,"U2C",1,"U","U2","C",2021-07-08,22,4,3.11459013723109,0.151300105422178,0,0.0280287749785725,1.9545655792277
130,520,"U2C",2,"U","U2","C",2021-07-08,22,4,3.24185817572482,0.116398474095489,0,0.0103161162202516,1.9506225033289
131,521,"U2N",1,"U","U2","N",2021-07-08,22,4,0.195857295149254,0.0433443827368467,0,0,19.4179258488682
132,522,"U2N",2,"U","U2","N",2021-07-08,22,4,0,0.00731212572409821,0,0,2.54089410785619
133,523,"R2S",1,"R","R2","S",2021-07-08,22,4,0.310266301534234,0.0792355913966808,0,0,26.2118456225033
134,524,"R2S",2,"R","R2","S",2021-07-08,22,4,0,0,0,0,19.1086858355526
135,525,"R2C",1,"R","R2","C",2021-07-08,22,4,0.523157121453305,0.00377920031300605,0,0,86.4059662450067
136,526,"R2C",2,"R","R2","C",2021-07-08,22,4,0.67313154282968,0,0,0,89.6764236850865
137,527,"R2N",1,"R","R2","N",2021-07-08,22,4,0.0602834614683678,0,0,0,32.0827290446072
138,528,"R2N",2,"R","R2","N",2021-07-08,22,4,0,0,0,0,24.0237350865513
139,529,"U1S",1,"U","U1","S",2021-07-28,23,4,0.344001119266381,0.120495592918238,0,0,8.49611649467377
140,530,"U1S",2,"U","U1","S",2021-07-28,23,4,0.11625787639364,0.0246924172109856,0,0,9.39103871504661
141,531,"U1C",1,"U","U1","C",2021-07-28,23,4,13.7096967013897,0.125723337427047,0,0.672099526804912,1.83215878828229
142,532,"U1C",2,"U","U1","C",2021-07-28,23,4,13.0264304272727,0.0557790264207541,0,0.760743076336666,1.95045106524634
143,533,"U1N",1,"U","U1","N",2021-07-28,23,4,7.09082512833663,0.114701416135027,0,0.037090081856222,82.587316677763
144,534,"U1N",2,"U","U1","N",2021-07-28,23,4,6.09621944394717,0.0984517503341992,0,0,72.5370008155792
145,535,"R1S",1,"R","R1","S",2021-07-28,23,4,0,0.0604425775179055,0,0,9.41446572902796
146,536,"R1S",2,"R","R1","S",2021-07-28,23,4,0,0,0,0,7.48874117842876
147,537,"R1C",1,"R","R1","C",2021-07-28,23,4,0,0,0,0,1.21823901464714
148,538,"R1C",2,"R","R1","C",2021-07-28,23,4,0,0,0,0,1.95182256990679
149,539,"R1N",1,"R","R1","N",2021-07-28,23,4,0,0,0,0,1.52414970039947
150,540,"R1N",2,"R","R1","N",2021-07-28,23,4,0,0,0,0,1.95473701731025
151,541,"U2S",1,"U","U2","S",2021-07-28,23,4,0.0505590364632473,0.076410146612905,0,0,1.94993675099867
152,542,"U2S",2,"U","U2","S",2021-07-28,23,4,0,0.0054762582734673,0,0,51.6585836551265
153,543,"U2C",1,"U","U2","C",2021-07-28,23,4,2.82283246969191,0.0526714849311495,1.54295027716186,0,0
154,544,"U2C",2,"U","U2","C",2021-07-28,23,4,2.13952134428086,0.0398114573257545,1.37237222838137,0,0
155,545,"U2N",1,"U","U2","N",2021-07-28,23,4,0.265777140193759,0.0857350099444632,1.23073009977827,0,1.95473701731025
156,546,"U2N",2,"U","U2","N",2021-07-28,23,4,0.20870802146282,0.0830506135136016,2.07255526607539,0,153.651715795606
157,547,"R2S",1,"R","R2","S",2021-07-28,23,4,0.485795993542446,0.0909627544532719,1.46720759423503,0,46.2047096537949
158,548,"R2S",2,"R","R2","S",2021-07-28,23,4,0.222106930258738,0.00321500690134875,0.898806319290466,0,44.2133877496671
159,549,"R2C",1,"R","R2","C",2021-07-28,23,4,0.874258034445665,0,0.163515354767184,0,30.2038568075899
160,550,"R2C",2,"R","R2","C",2021-07-28,23,4,0.924712417889554,0,0.592130099778271,0,25.3356650133156
161,551,"R2N",1,"R","R2","N",2021-07-28,23,4,0,0.00067165882340155,0.323627827050998,0,80.1087043109188
162,552,"R2N",2,"R","R2","N",2021-07-28,23,4,0,0,0.0717631374722838,0,79.977514747004
163,553,"U1S",1,"U","U1","S",2021-08-06,24,4,1.30476234942722,0.179984414906913,1.37729384700665,0,8.64136569573902
164,554,"U1S",2,"U","U1","S",2021-08-06,24,4,1.07487455023716,0.0799430720239971,1.21225975609756,0,6.86089034620506
165,555,"U1C",1,"U","U1","C",2021-08-06,24,4,20.4614609974373,0.163168316831683,1.39453664079823,1.08607381801258,22.0980105359521
166,556,"U1C",2,"U","U1","C",2021-08-06,24,4,8.99812474497983,0.0615732032039647,1.00719041019956,0.692365185729599,20.8985319906791
167,557,"U1N",1,"U","U1","N",2021-08-06,24,4,3.21924814006635,0.0458877308147939,0.966544235033259,0.0116338287105381,1.95387982689747
168,558,"U1N",2,"U","U1","N",2021-08-06,24,4,4.74423698772194,0.0898321287672126,1.518319345898,0,1.57825898801598
169,559,"R1S",1,"R","R1","S",2021-08-06,24,4,0.213492159490621,0.0813557944158851,0.00463614190687361,0,36.8572127829561
170,560,"R1S",2,"R","R1","S",2021-08-06,24,4,0,0,1.08047228381375,0,46.7247962217044
171,561,"R1C",1,"R","R1","C",2021-08-06,24,4,0,0.000387323254828227,0.363040742793792,0,94.4368512150466
172,562,"R1C",2,"R","R1","C",2021-08-06,24,4,0,0.0016612361565465,0,0,98.3257835386152
173,563,"R1N",1,"R","R1","N",2021-08-06,24,4,0.0428296634620812,0.0060404516851246,0.298380266075388,0,150.582740962051
174,564,"R1N",2,"R","R1","N",2021-08-06,24,4,0,0,0.129646396895787,0,137.463441694407
175,565,"U2S",1,"U","U2","S",2021-08-06,24,4,0.657770805210556,0.731208094684331,4.33446152993348,0,114.08298686751
176,566,"U2S",2,"U","U2","S",2021-08-06,24,4,0.603158540695977,1.00321648498549,5.65169678492239,0,86.5980711884155
177,567,"U2C",1,"U","U2","C",2021-08-06,24,4,1.72046573738527,0.115126800056515,2.28747926829268,0,17.5859093541944
178,568,"U2C",2,"U","U2","C",2021-08-06,24,4,1.65553767524825,0.0648217930464836,1.37113896895787,0,28.6295443242344
179,569,"U2N",1,"U","U2","N",2021-08-06,24,4,0.0458612787053926,0.0482900305398268,0.256506541019956,0,1.30858688415446
180,570,"U2N",2,"U","U2","N",2021-08-06,24,4,0.044867905601009,0.0686368151634044,1.44565410199557,0,1.86576065246338
181,571,"R2S",1,"R","R2","S",2021-08-06,24,4,0.301232918688684,0.0676494766930041,0.337793181818182,0,16.0443946904128
182,572,"R2S",2,"R","R2","S",2021-08-06,24,4,0,0,0.418468902439024,0,9.6159414780293
183,573,"R2C",1,"R","R2","C",2021-08-06,24,4,0,0,0.160437915742794,0,42.114301581225
184,574,"R2C",2,"R","R2","C",2021-08-06,24,4,0,0.00321500690134875,1.1432828713969,0,23.3771409287616
185,575,"R2N",1,"R","R2","N",2021-08-06,24,4,0,0.00194333286237515,0.752242572062084,0,31.8062868508655
186,576,"R2N",2,"R","R2","N",2021-08-06,24,4,0,0,0.875402937915743,0,31.9609068575233
187,577,"U1S",1,"U","U1","S",2021-08-19,25,4,1.02876741999423,0.113573029311713,0.454182039911308,0,13.1206656291611
188,578,"U1S",2,"U","U1","S",2021-08-19,25,4,0.504989025060923,0.0128219669387356,0.387060753880266,0,11.4151584387483
189,579,"U1C",1,"U","U1","C",2021-08-19,25,4,5.73571637080295,0.107919900881416,3.08927488913525,0.0626287598161131,20.0973195406125
190,580,"U1C",2,"U","U1","C",2021-08-19,25,4,7.50275436296164,0.145223831933138,3.6059477827051,0.156299138477478,14.001533355526
191,581,"U1N",1,"U","U1","N",2021-08-19,25,4,10.1084434455987,0.11908287052635,0,0.0138582141571041,43.997855792277
192,582,"U1N",2,"U","U1","N",2021-08-19,25,4,8.57735648311666,0.0857350099444632,0.0563645232815964,0,61.9010061750999
193,583,"R1S",1,"R","R1","S",2021-08-19,25,4,0.0834665969947536,0.0724518372803252,0,0,114.026767177097
194,584,"R1S",2,"R","R1","S",2021-08-19,25,4,0,0,0.00894684035476718,0,114.757696870839
195,585,"R1C",1,"R","R1","C",2021-08-19,25,4,0,0,0.538551829268293,0,6.17681296604527
196,586,"R1C",2,"R","R1","C",2021-08-19,25,4,0,0,0.1278022172949,0,8.24310131491345
197,587,"R1N",1,"R","R1","N",2021-08-19,25,4,0,0,0.0526704545454545,0,10.7826222037284
198,588,"R1N",2,"R","R1","N",2021-08-19,25,4,0,0.00264857462694678,0.125335698447894,0,9.46600687416778
199,589,"U2S",1,"U","U2","S",2021-08-19,25,4,0.44915746981287,0.101138385627805,0.241107926829268,0,31.796916045273
200,590,"U2S",2,"U","U2","S",2021-08-19,25,4,0.297329194950722,0.0372681092478073,0.761474889135255,0,33.6289325399467
201,591,"U2C",1,"U","U2","C",2021-08-19,25,4,2.18159351922187,0.0888447902968123,1.47336247228381,0,25.3731482356858
202,592,"U2C",2,"U","U2","C",2021-08-19,25,4,3.03143417697634,0.117247003075719,2.16554645232816,0,25.1997866178429
203,593,"U2N",1,"U","U2","N",2021-08-19,25,4,3.34759427077537,4.49678940561455,38.3812428492239,0.294619906624521,1.41282123834887
204,594,"U2N",2,"U","U2","N",2021-08-19,25,4,2.87637162546831,4.00562098010021,34.8587570399113,0.207953468096711,1.94925099866844
205,595,"R2S",1,"R","R2","S",2021-08-19,25,4,0.79081801599551,0.0683547184575757,0.531774611973393,0,98.2929874334221
206,596,"R2S",2,"R","R2","S",2021-08-19,25,4,0.90803936463086,0.0125398702329069,0.848305487804878,0,70.0958750998668
207,597,"R2C",1,"R","R2","C",2021-08-19,25,4,0.0594478984725401,0.0608657225766485,0.332865853658537,0,55.1961107689747
208,598,"R2C",2,"R","R2","C",2021-08-19,25,4,0,0,0.268205376940133,0,87.5257963715047
209,599,"R2N",1,"R","R2","N",2021-08-19,25,4,0,0.0015179489408875,0,0,9.27390193075899
210,600,"R2N",2,"R","R2","N",2021-08-19,25,4,0,0.00745317407701253,0,0,7.8916909620506
211,601,"U1S",1,"U","U1","S",2021-09-02,26,4,1.77546006847846,0.0920933801393312,0,0,19.8208773468708
212,602,"U1S",2,"U","U1","S",2021-09-02,26,4,2.34037872813278,0.0423548054037017,0,0,22.9179645972037
213,603,"U1C",1,"U","U1","C",2021-09-02,26,4,9.82778564274759,0.226472160937279,9.97782239467849,0.29733884095633,25.3825190412783
214,604,"U1C",2,"U","U1","C",2021-09-02,26,4,11.8371784326723,0.276918216300225,11.519836308204,0.362255973903722,38.1831989181092
215,605,"U1N",1,"U","U1","N",2021-09-02,26,4,11.9641856691971,0.809064546630294,18.8967317073171,0.465317358699566,65.7055995339547
216,606,"U1N",2,"U","U1","N",2021-09-02,26,4,15.2591560828257,1.14296405864516,24.88064345898,0.571755991803848,84.3021998169108
217,607,"R1S",1,"R","R1","S",2021-09-02,26,4,0.0132195036198752,0.0708980665355229,0.178913968957871,0,120.286542460053
218,608,"R1S",2,"R","R1","S",2021-09-02,26,4,0,0,0.119180820399113,0,159.916171338216
219,609,"R1C",1,"R","R1","C",2021-09-02,26,4,0,0,0.0668358093126386,0,6.79060758988016
220,610,"R1C",2,"R","R1","C",2021-09-02,26,4,0,0,0.0883893015521064,0,5.38965500998668
221,611,"R1N",1,"R","R1","N",2021-09-02,26,4,0,0.00307395854843443,0.197390022172949,0,10.8575886484687
222,612,"R1N",2,"R","R1","N",2021-09-02,26,4,0,0.00830170305724316,0,0,2.29256433089214
223,613,"U2S",1,"U","U2","S",2021-09-02,26,4,0.330432772248645,0.105517601156383,0.00771358093126386,0,7.8916909620506
224,614,"U2S",2,"U","U2","S",2021-09-02,26,4,0,0.0361374835617481,0.348264467849224,0,20.6736309420772
225,615,"U2C",1,"U","U2","C",2021-09-02,26,4,1.36808240961601,0.088703741943898,0.589663580931264,0,9.24578951398136
226,616,"U2C",2,"U","U2","C",2021-09-02,26,4,1.05925301064916,0.0689211507319777,0.787339079822616,0,7.82140992010652
227,617,"U2N",1,"U","U2","N",2021-09-02,26,4,5.62258313455872,5.93807968612449,38.5093305432373,1.33643593755594,1.70426597869507
228,618,"U2N",2,"U","U2","N",2021-09-02,26,4,7.7100487380836,7.93031154970601,38.4372819290466,1.89919461016685,1.58151631158455
229,619,"R2S",1,"R","R2","S",2021-09-02,26,4,0.29026926904164,0.0253998978383019,0.883407705099778,0,1.27909953395473
230,620,"R2S",2,"R","R2","S",2021-09-02,26,4,0,0.0132473508602232,0.589046951219512,0,1.66774966711052
231,621,"R2C",1,"R","R2","C",2021-09-02,26,4,0,0,0.0816120842572062,0,19.1930248002663
232,622,"R2C",2,"R","R2","C",2021-09-02,26,4,0,0,0.158588026607539,0,17.0564536950732
233,623,"R2N",1,"R","R2","N",2021-09-02,26,4,0,0.00490982599906533,0.344570399113082,0,13.9453085219707
234,624,"R2N",2,"R","R2","N",2021-09-02,26,4,0,0,0.242957815964523,0,8.66479270972037
